0.0038148991076848793,0.004482072143640688
0.0007463667451224182,0.0008659016362306137
5.050444615533978e-05,0.0001517798958528604
0.0038691798308328924,0.004566893088097855
0.0028215251407319093,0.003651141178000937
0.003462669320896748,0.004649861600518576
0.0027054981923645156,0.004330090557471853
0.002572895119122293,0.003508496417221849
0.00440144714570105,0.0063032480747372355
0.0027281170412615497,0.004581282219831746
0.007288674978020487,0.009373260960089854
0.0029718769270909826,0.004323074186087885
0.00426370498680525,0.005154240812067807
0.0009950772392590798,0.0021838981853059495
0.0028732836767813006,0.0043797854277093625
0.010273274651480218,0.010696551951976097
0.001848578348312745,0.0026548622038153353
0.0013456260661667309,0.0019330437798987924
0.004347723801693513,0.00543720252663546
0.011905694017382748,0.014739972090057988
0.01130072683719175,0.014096841496241623
0.0006228426706104199,0.0009610906938425239
0.007221896125264985,0.008740900938637688
0.0022811772415972896,0.003289513667603024
0.0010292353311380147,0.0019012345788070456
0.0018274568354963439,0.0026896055917659686
0.0011516888827427147,0.0021788279483223685
0.00034032521865534816,0.0006083438646032305
0.0009495472991079973,0.0015349659120470142
0.0051285210797965015,0.00665157283680214
0.004736969406997599,0.005551564240344192
0.0032946464323517274,0.003973062056636463
0.0012382718103894825,0.0021207255064943464
0.0016373515022208858,0.002560352839536877
0.007708439487467855,0.010450076866954342
0.0003483366294897246,0.0010805253735828354
0.0043531499728237,0.005449646559045256
0.00030758464854527636,0.0005084275345133856
0.006380378911642757,0.007751424424295181
0.00021156779210199903,0.0006625450250786031
0.0019858903045007147,0.0029477326174077905
0.004462612689657219,0.00546169137592604
0.0023990315087790027,0.003348636039067272
0.0003417638342618621,0.0011801272180349365
0.0006716573217815413,0.001656611014526618
0.011424664615605009,0.0138747477879887
0.003247305123956094,0.00463217708386961
0.002010205253572659,0.003236524725890516
0.0005796518981414463,0.0016206273690365096
0.0015512705228432652,0.0022051587483392127
0.003343114070115333,0.003950308977670263
0.0038691798308328924,0.004566893088097855
0.003258271211882447,0.00432216789261614
0.002972084359386588,0.004395806732333469
0.0022648065814874496,0.004199197231694253
0.0014286042428915979,0.0023515896412894272
0.000681106596620893,0.0016160187840285154
0.012576800412806257,0.0156743626328315
0.0039444004122474955,0.00490198083631675
0.0029166436830317818,0.0035395336169606567
0.001976628070575469,0.003182681498041451
0.0022548551876350525,0.0031469078482469705
0.0007628813490937005,0.001610636236901871
0.0034951293324116785,0.0047254592604562395
0.0010974567078850988,0.0021271886681093846
0.0008271558779869572,0.0018323675687752946
0.011028163801794215,0.014115071715291624
0.003198676418518073,0.004141074363550228
0.003459326287159858,0.00456187543582923
0.002204757263629774,0.0029114258566313366
0.0018441910449720255,0.0029734439246904146
0.0010334704560483038,0.0016161325273892275
0.01097187695231689,0.014193074856735195
0.0010650690514532031,0.0023124425807727277
0.003945863882355208,0.0048403193577274935
0.001200883266456233,0.001917083250029182
0.0016845217919766852,0.0028222032535275827
0.0005330433893658885,0.0013273790469042418
0.0010791734967685355,0.0021453952365209066
0.011653591697704418,0.014446570565051766
0.0011790336107274915,0.0022551174682545402
0.0017862651459444007,0.0027786900803626214
0.002295680930180555,0.003403843338328151
0.003050948601108333,0.0038665671700955813
0.0016851976424733977,0.0029669981171725405
0.0005546136869562946,0.0016101658169109033
0.0009558722777971659,0.0014656724159101179
0.002422589876449931,0.0032713343196896973
0.0009793278166153753,0.001502368983012223
0.0003041654937269742,0.0006323313932940198
0.003115706712879158,0.004103621058418714
0.0003629047452572038,0.0005351227481377416
0.002687600662356282,0.004232548913127584
0.00219846001401072,0.0036502193356129403
0.001600415921508146,0.0021006329529444047
0.0005110226639702102,0.0006289663387484339
0.0004796103987522089,0.000578721243865254
0.023961432922123937,0.027340215942107955
0.012687419795779227,0.015349675004436663
0.019539531827809056,0.021952496580251186
0.006452302554771794,0.007429502225921566
0.014915831105021576,0.016850641273141856
0.020854701435329297,0.023890477822791443
0.0027931361817725825,0.004234430697355057
0.0022432246443842346,0.0034062460426176272
0.0561261094018849,0.060381972571608294
0.006736163806530511,0.010937855655693654
0.0029491013414965762,0.004259926007178159
0.006637372110909035,0.008516452242024283
0.003600699213989444,0.005225023312912067
0.0021009129549183813,0.0024643084958290897
0.04522601921543076,0.04921276187879229
0.003430213056088788,0.004048088856369647
0.0008038112087434104,0.0020922558836730804
0.0007098125578991918,0.0017427385256513536
0.0012793435929002632,0.002481623498597888
0.006881404430174715,0.008068161275376162
0.0026052406632891957,0.004293002096144091
0.00037772928550463864,0.0011611765244880195
0.0030486726994929576,0.004193383482138498
0.002358298618386073,0.003669685316876786
0.003848664903898715,0.0058693261485211895
0.00242077174393799,0.003945147440425242
0.000322236624062741,0.000823613225401635
0.0032069022466314477,0.004844274036182485
0.005891052575774175,0.006968238634757459
0.005891052575774175,0.006968238634757459
0.005891052575774175,0.006968238634757459
0.005891052575774175,0.006968238634757459
0.005891052575774175,0.006968238634757459
0.020142301827508216,0.025045701928397886
0.0033825617875479787,0.004959759319497259
0.0015538653965786935,0.0019698553051739477
0.004106864451215372,0.006387860175214917
0.06405333896408043,0.0690599454149186
0.00922875303093554,0.015066478922317807
0.006810640439349802,0.011521429157105412
0.009338857832091077,0.015667150405089654
0.011147580664486588,0.014099425221078477
0.0005873930901320718,0.0009714110202131499
0.046526370174010005,0.050921757660156976
0.0004100818544581276,0.0007497428415422148
0.002067523390803252,0.003958800117227752
0.0030963716339395407,0.0035592729647379454
0.0013380585954377159,0.002130099687182797
0.0019842328483488784,0.003020352005052719
0.034311323320652065,0.03882238163174617
0.0029689106753537677,0.005089549107881248
0.03976424004769014,0.04370807180347706
0.03733866374948678,0.04145928044558181
0.002175025949000912,0.002590140651486691
0.003992122162111545,0.0070690675217179085
0.0034580442843241284,0.0040791297400084685
7.714295089805763e-05,0.00012568666476650052
0.0042098479303249664,0.006234962528975072
0.06276157720598395,0.06783978619562107
0.03788379335561297,0.0440209413972338
0.06237636192746201,0.06753728739902647
0.03494622003233782,0.04144660166261034
0.0065929705558092026,0.01223190519508461
0.0035677230560365687,0.004758443442434013
1.233818438366503e-05,4.406701101162089e-05
0.006793578704551566,0.009321130420755904
0.00043039313606457855,0.0007937674418976761
0.0444610946735674,0.04922578127179864
0.0030963716339395407,0.0035592729647379454
0.0030963716339395407,0.0035592729647379454
0.033179147517907855,0.03755492510622358
0.013264944973589973,0.014274483186799487
0.005891052575774175,0.006968238634757459
0.014257672356941399,0.015063270331789988
0.011734223517845893,0.012781398810497764
0.003972028687436844,0.006372595368740873
7.792842973544404e-05,0.00011679240386804413
0.005891052575774175,0.006968238634757459
0.005891052575774175,0.006968238634757459
0.0016174896224712464,0.0021084310894122433
0.002401370180168848,0.003441979145908003
0.0009974117160962467,0.0015427716854378105
0.006149210574318162,0.0071787613403017075
0.0026255262185132327,0.003084206405565845
0.0003010087420332051,0.0004520418942823584
0.004435511657287241,0.0059941851163252576
0.006287667848023315,0.007339162397699373
0.0033223494651433236,0.003917232922593256
0.010961303276063284,0.01486259597530312
0.03152144583848198,0.035754189417084
0.006036306062147339,0.007147993844194767
0.01015438210681469,0.013102320516779366
0.008835620309147354,0.010486234733399125
0.04283305762752225,0.04742010918502683
0.009801673275460129,0.011626281203410445
0.00020083775312234432,0.0003650135381207798
0.00022333790910797916,0.0003445693658560434
0.01711153951204215,0.021467735136585637
0.044680462488256106,0.04973777791803383
0.018485663870986026,0.023947807358262296
0.030733323705633454,0.03437512120694992
0.013488486021317402,0.016194044923551837
0.045406784262710706,0.05001620379360635
0.006042309591178318,0.007144500740207119
0.02279210231760725,0.028238218877916152
6.960248461602956e-05,0.0001181665267430604
7.824953271145993e-05,0.0005306882912600602
0.0026258448216337476,0.003977529591778946
0.0007143183038502659,0.0017465284813439085
0.006356365837243291,0.009404556294483583
0.003074089265888967,0.004316215163889394
0.00011052364653208545,0.0003150286433735745
0.008792509193869346,0.010441723756117596
0.013273720651692399,0.014272575017563124
0.005254660831581404,0.006419754854919542
0.006565833937525273,0.008875869467866051
0.005963297141142113,0.006896905427449036
0.012265336592889137,0.013570867360294477
0.00942581484636398,0.011341255528271608
0.01373423682094866,0.014505051995762333
0.010881834919715486,0.011852067828167273
0.010842357964462696,0.012532556542743229
0.013545568250270132,0.014438540152488558
0.011635073713833387,0.012868061275914592
0.010104364100706564,0.011934213481170724
0.010741838602563687,0.012465124100254903
0.01410718047952153,0.014891236314545928
0.009113965721737737,0.01079865697137883
0.01518094186625624,0.015884517954394006
0.012823759112005895,0.013762405579240074
0.013013093614908247,0.013842675026188217
0.013247321918686888,0.014048556137876417
0.013672589651457229,0.01445819156862698
0.013222858455429948,0.014175628908424403
0.012804398221063062,0.013670566082716171
0.014092047398119884,0.014929545402483162
0.01385202408090053,0.014755728624661025
0.012205804507824054,0.013469791331263498
0.008702077060113243,0.010637760485933187
0.009271896512048112,0.01087248560126479
0.01291581199433491,0.013781795356794212
0.01415651221772129,0.014982010402807498
0.00023192258667820208,0.0004973663369951888
0.003343114070115333,0.003950308977670263
0.001451899182573767,0.0022121213233809293
5.789780897671879e-05,0.00018118178841188126
0.0061718874857728655,0.007344737657496413
0.02311299876110655,0.026392663675097686
0.007716874068085736,0.009260526782072167
0.0089528086047989,0.010681440209337709
0.0096109088073451,0.011817023437746507
0.0032062067357893098,0.004677117786834852
0.012995013580317427,0.015604731644840813
0.025942563723627285,0.029192078136488483
0.013809619701894411,0.01642260576549523
0.002055930871598702,0.0037975285408981944
0.021717369813928293,0.024693941552530387
0.01948867085596154,0.022172941266034397
0.016413838086660318,0.01962109154796313
0.002789359004664697,0.003961736878642574
0.004236213544076684,0.008557821029433971
0.003191749860771316,0.005055135899040538
0.005532948732673093,0.0069838376547301925
0.001988812259775429,0.002423241616756405
0.0237620862983284,0.027291988611233532
0.019988579849402492,0.023021983510862615
0.01057263723222148,0.013311773504528935
0.003333437742533872,0.0038765552493962257
0.0022841304027551848,0.003874171368559054
0.0011365168455166007,0.0030977061736867737
0.0029444178252948897,0.0034656736199771524
0.0009969354789884429,0.0018763401123764942
0.0006656182486519814,0.0012694638120740284
0.016743430647315417,0.018857099117561938
0.023359332710112698,0.0264622306259092
0.017903713808508723,0.0206232465941959
0.01745025204081388,0.019770528626050395
0.0036923484195019556,0.00430513831347661
0.002597439182836749,0.003353993226135634
0.0031464788075621477,0.003972424116483081
0.0037257249162544422,0.004681773749496133
0.003311894936618789,0.004023905586385787
0.002277109311239969,0.003446508703810784
0.0027766930821944025,0.0032526626549042492
0.0031424249712787423,0.0038602186138985257
0.0024914447132813873,0.0031742778396488315
0.0019497338489262981,0.0030268322108703287
0.00599423594426757,0.00711790248238389
0.0032597745656204363,0.003960600080205056
0.00462888055629528,0.005417404035780914
0.0023013007732804627,0.0030409323911294683
0.0024309862321226744,0.0035043156963984316
0.0023260927140839028,0.003448086362438935
0.002317551955047175,0.0034356727740580844
0.0023374883459474256,0.0034598712411385278
0.0033980338794285915,0.004043035449434069
0.0005354559651180088,0.0007550372847176501
0.000324049615252096,0.0011546329380392227
0.005778883047419036,0.0069700579657468635
0.0024320052163923443,0.0035057106504890597
0.0032913945627853977,0.0041121427496182885
0.0031516748194626424,0.003673798753417125
0.04585671632241376,0.05020652723726718
0.0017567229728884192,0.00215989662833022
0.002515060312046204,0.0031297045352054673
0.0008455498312797036,0.0011450667799869276
0.010815524734590874,0.011287757276506463
0.0024320052163923443,0.0035057106504890597
0.005795778027531215,0.006990142504479269
0.0009200041564805546,0.0012327566012713504
0.0024312258447603445,0.0035064144111113583
0.0029444178252948897,0.0034656736199771524
0.0029444178252948897,0.0034656736199771524
0.000742388935796539,0.0014281077338183562
0.002515060312046204,0.0031297045352054673
0.0008976904187654158,0.001395481911094946
0.002472545465121971,0.0029711487589854342
0.00040461697484782356,0.0004811532595483596
0.002515060312046204,0.0031297045352054673
0.009850009972923611,0.01030627167812518
0.0008879338679663541,0.0013805626230206079
0.0027591761398656676,0.0034877934653078767
0.0039022164510687696,0.004606056175386527
0.0016410298845720619,0.0019633504701147006
0.00299043107817657,0.003421033167041736
0.0026517095870161557,0.0031139645364460468
0.002585727066754116,0.0033246002205409705
0.002575100161375622,0.0033576002589513136
0.00299043107817657,0.003421033167041736
0.00299043107817657,0.003421033167041736
0.0028479031953248103,0.0035658645896800606
0.0024320052163923443,0.0035057106504890597
0.001781047162024986,0.0022790332216098786
0.0010715750639293275,0.001931403153355963
0.0017133675266727522,0.002311345372691412
0.0017133675266727522,0.002311345372691412
0.0017133675266727522,0.002311345372691412
0.000884674071764918,0.001440030586844166
0.0024268354932966644,0.0031805223570371996
0.0024320052163923443,0.0035057106504890597
0.00309911438588515,0.003436331501915412
0.003401212367895083,0.004186547962605139
0.0024320052163923443,0.0035057106504890597
0.00309911438588515,0.003436331501915412
0.01579955603209759,0.01736933326310735
0.004660388193407602,0.005472472909478671
0.0020461066165796495,0.002938187724428082
0.0023302257663383834,0.003089297578571376
0.0030036130718265118,0.003559029038771626
0.0027370081617050512,0.0032472523836430916
0.0030036130718265118,0.003559029038771626
0.002984328731428766,0.003524035261238779
0.0061680813935773,0.00737970519983623
0.001695598860441598,0.002240515265866795
0.003333437742533872,0.0038765552493962257
0.004000510568574838,0.0047811401211967355
0.00311411585409131,0.004030431219234079
0.0022781773544922374,0.0031433715434500296
0.00232671648336782,0.0029003540950910235
0.000955335126872849,0.001475922461572051
0.0043319675615529525,0.006101886947484944
0.003003190231856822,0.004280909573707158
0.00011835080196481041,0.00033306644384667016
0.006014202921573038,0.00726393385118817
0.005137997932076739,0.006349346445867486
0.0036103101022028528,0.004208707815177831
0.0022324016899770245,0.003344598479883088
0.017361876683064326,0.019896270061201114
0.015976773127102016,0.019432892046267355
0.002452487598921502,0.0038052152159141657
2.794291593799988e-05,6.60538893003272e-05
0.002009232977419494,0.002868647573566468
0.0022428100494342853,0.0030845646571881135
0.002566101568578832,0.0030196657516334017
0.002489490537381854,0.0030436477589086738
0.0033323128576947334,0.004120125892663505
0.005147975100924207,0.005877617669380364
0.003810680123663109,0.005175659706966745
0.005410943713458931,0.006135572041617306
0.00470488122704512,0.005488318019286333
0.004651650484473103,0.0053719446987506025
0.004651650484473103,0.0053719446987506025
0.005305082110310004,0.0060426246349047745
0.004651650484473103,0.0053719446987506025
0.0050793392042739055,0.005859898171016081
0.002382448961810678,0.002929822224395325
0.0053672703720284475,0.006053287472560004
0.005065431754417628,0.005804496292793343
0.005540889920741102,0.00656971926646817
0.00036659837794749404,0.0038286386297169215
0.00345935009694438,0.0060367440891886965
0.0005307767012166044,0.0008898425021920147
0.00038360501206487186,0.0006803012860316475
0.00020976580889998117,0.0004517200658611362
0.00047459951427791217,0.0009246636604661155
0.002256102471615345,0.0031779035224963922
0.0003555505055241928,0.0010088093638944858
0.0029835938050424026,0.004553062686036574
0.0030011164128662914,0.004283340871535599
0.005431993067229084,0.0062498428539947545
0.0074463150264229856,0.009609214070312372
0.0031508599764702022,0.004336544164398686
0.0034238627813127013,0.005056794936215527
0.0007985088653084246,0.0011565097647301165
0.002074987629864831,0.0031814561471570192
0.0005112002306377931,0.0010178095347839241
0.004600204429582073,0.006062919624256904
0.005939485040917247,0.006972217692465324
0.0007449631971773434,0.001236768137294791
0.0009461551243184748,0.0014553722117748324
0.0009302859768002755,0.0018686917516408299
0.0014984635977605084,0.00251566255448845
0.0008900099655663645,0.001889014848288636
0.0005269474983498183,0.000855992640451765
0.0008742052917355688,0.0018329371327709938
0.005896584178426374,0.007366672596714913
0.004880544155183608,0.00711102713980533
0.049998195013876943,0.054248351586621536
0.0016827532884463204,0.0027030934241108365
0.0028845369845288803,0.003962219428779543
0.0005003842799399505,0.0011441187242561223
0.0015589065136991302,0.0029849914826091117
0.006018466458762604,0.007949665600860523
0.003948073812427616,0.004987610572191512
0.006100902433822121,0.007260505018062944
0.013155483533634235,0.01573625644437805
0.005112342858356159,0.006405430603075297
0.036031268743666314,0.042288493717915994
0.02613031624226704,0.029508683496482488
0.001513658009630765,0.0028483186033378288
0.015290914946984114,0.017009817745245154
0.003545687163965311,0.004907179219579595
0.00699934536703135,0.008979898274217088
0.003922490217844839,0.005621041654394841
0.001124133926884402,0.0014935126723279013
0.003152146090850625,0.004616648489489466
0.000681190016044691,0.000980632920391241
0.004583808283539456,0.005396165424874327
0.0016331886022939196,0.001995756579612145
0.002938304926872497,0.004202116638794196
0.0002690929771989463,0.000554269749489276
0.002023197888593547,0.002493225952130062
0.002763440182162966,0.003297095995130539
0.00015618336733515408,0.0003419050592416663
0.00011002707621874644,0.000418485623965076
0.000916524052729264,0.0015395503036956283
0.01638662179992858,0.018487838132932415
0.0008574789965540151,0.004345231236237789
0.00019198275648154014,0.0005159512999516773
0.001534815802918719,0.0032599595948841274
0.00013535907069845278,0.0006716912017686287
0.00011724395214596239,0.00029846144693832774
6.111381624110133e-05,0.0004896231258649365
0.0031493934429175363,0.00476692902975101
0.012455192931367254,0.012929225210154278
0.006659180188553586,0.008759091669837862
0.00023602226617200337,0.0005011537234729448
0.044675535699553924,0.04817788591739979
0.002231867579244592,0.003226893404794329
0.0008386705119404431,0.0014729697257562483
0.0010106293851203597,0.0015068523830249559
0.003743935804390804,0.0041995574710265654
0.0025440805261306705,0.003529859596886673
0.0001270191368734024,0.00034251733066374283
0.0023970562571688104,0.0033810900882522686
1.8959384986719312e-05,0.00011150473690976722
0.001995843924560283,0.0026457511793522227
0.00035086080796428796,0.0006774047869938281
7.606775790308364e-05,0.00019109549219267422
0.001349610673260828,0.003598456771433058
0.0007972775473062599,0.001589016046062678
3.881631075431967e-05,8.64449871211599e-05
2.3249486735351965e-05,0.00011080730279209481
0.0003075491474048788,0.0008341356772696873
0.0005064439361103267,0.0009245013994127117
0.0005433767974084753,0.0009963530625861168
4.7945367802953664e-05,0.00016712373744909252
0.00033763187456976667,0.0005197625805130273
0.0025377859960327353,0.003597017525762991
0.0023545056014825823,0.0032646993928569738
0.0019181245090261845,0.002702820202558778
0.000575303137761017,0.0009033898865964013
0.0008113728232575497,0.0014247790727382023
0.0005240568465559851,0.0009318733678471616
0.0011433522922736814,0.0025083348129900417
0.00040359361108940797,0.0006522352651562538
0.004449366592469843,0.007144507850334457
0.004011041452972837,0.004811485417500903
0.007495945644086899,0.008710687433141275
0.002579476509236704,0.0033256254909385594
0.0022541288355136576,0.002871819152569901
0.0018510730714462748,0.002504475125827121
9.000248564088341e-05,0.0002810673543252459
0.0032050003876593703,0.004314770767288282
0.0023301045769356207,0.002868092882853222
0.004736969406997599,0.005551564240344192
0.004294187351235727,0.0050823070938136984
0.0015144643020519235,0.0020932641164772134
0.00020217228718274384,0.0007762421759602119
0.006691450113741917,0.00823846287034082
0.0007932447578709207,0.002332657209721298
0.00017584145048471817,0.00034723551866240707
0.0009571772268731767,0.0014987933355679849
0.0005725235334805371,0.0013752588236185506
1.971254416011089e-05,3.576021909916309e-05
0.0005614494121278481,0.0010279072427205437
0.000737435554249612,0.0012098969301814343
0.0004593878614781337,0.0010457664438893004
0.010723578622169732,0.014272760859065153
0.0023118417766402146,0.003282154573417536
0.0015338021833530156,0.002437160070423918
0.0005642862545214731,0.0010187549198865458
0.009663344962529527,0.01029307851306266
0.005939485040917247,0.006972217692465324
0.0010903925139597586,0.0016515438666988894
2.8744082379088697e-05,0.00023206607057538734
0.0037597983950672263,0.0052697301817128716
0.005091124859672266,0.005863127768173288
0.0017277305333288826,0.004589176738100788
0.0016739036081916084,0.002352479593690457
0.002757329852419912,0.0037578996546680627
0.002738473149682522,0.0034779003765645464
0.0027013842174058093,0.0034443600689742873
0.002502077645815068,0.0031477938586028376
0.0018698673112098533,0.0027496889319402716
0.0016769342021455173,0.0028574628336391294
0.0012324806237749846,0.0019610440162477222
0.0017384892889706046,0.002616369799216732
0.0002262273372800091,0.00047661222684642344
0.016176447486789616,0.020688506309198898
0.002429337358395159,0.0039182255575066416
0.0024693602187275095,0.0029526246747381777
0.001721786681825596,0.00260331098150651
0.000897952531401589,0.001206131683865683
0.0043438427794257215,0.005124957574544914
0.0036986179866638157,0.004344665939165152
0.0002717246310491579,0.0005295429208472687
0.004416300676756698,0.0054808174422765355
0.003809661146546189,0.00479195763989282
0.004383500959818864,0.006179328905633887
0.0014073938092998878,0.0027983738859705303
0.0007293069011105923,0.0020754384587023064
0.0009094160691725868,0.002010889015925915
0.0006459780664443579,0.0018074981127288526
0.0033840104808039594,0.003995238999067808
0.006100942451285741,0.007260544445615882
0.017548381173653475,0.020312918100687923
0.008254085111133668,0.010676961869270859
0.002722261524340987,0.003323700119237957
0.03553886582771388,0.04215351474056058
0.0126470942208197,0.020301210978132794
0.028006730581670285,0.03494066359903469
0.00787424197137022,0.014084482875429868
0.034380501520563676,0.04072478701479907
0.04237553179740024,0.04832360613272715
0.037899464722550534,0.04375497741288465
0.033389363269074025,0.03990156802316744
0.003705339745307587,0.00831378776710978
0.039973794331288025,0.045449565797336666
0.0060374004358359126,0.011780214235172544
0.02257205528852024,0.02951350312091117
0.032835897724897575,0.03938560232799543
0.02624264984341207,0.03271631395847223
0.003368440793014364,0.007219814856299917
0.002793592457081603,0.0073557706452787525
0.02579814824263363,0.0326839802761116
0.007464578649222401,0.012541522824085705
0.0010714463839828466,0.0014932929082507912
0.023940088065118638,0.02724765552518919
0.010493657857485857,0.013016981343552218
0.0003282634006681982,0.001075812151226349
0.0010986589142096203,0.0016620457473529356
0.0010402139493675033,0.0016969858381871027
0.0006928529095329268,0.001475997301411707
0.025698921734335696,0.029744668296267596
0.0019455743623048457,0.0026137906255185445
0.0009020212749346232,0.0014603739220106452
0.0015345758617455719,0.002184145551277555
0.0015345758617455719,0.002184145551277555
0.00363710587707255,0.0044565221516287825
0.003415258480816532,0.004258915135352575
0.003415258480816532,0.004258915135352575
0.003415258480816532,0.004258915135352575
0.003415258480816532,0.004258915135352575
0.003415258480816532,0.004258915135352575
0.003415258480816532,0.004258915135352575
0.003415258480816532,0.004258915135352575
0.003415258480816532,0.004258915135352575
0.0008239727645586971,0.001342353486486899
0.0035807626448181988,0.004477501019221319
0.0036119378496775986,0.004486267865830531
0.003523680454150191,0.004394923926107452
0.00038095324306916696,0.0007529126095849987
0.0005588034362876811,0.0009868712327658982
0.0002505237646611237,0.0006244344580952192
0.00025853772652610765,0.0006144955323664455
0.00040790960053472,0.0007503691244012866
0.0005413347952056587,0.001042278684648227
0.00013617942870268582,0.00043431068163835165
0.0004769124461995617,0.0008691888813985301
0.0003241082556575838,0.0006402043109817345
0.0004938833272942007,0.000855769072644864
0.0003776785580531692,0.0007570164940110105
0.00021360659371367499,0.0005518282804340659
0.0007079257809160549,0.0013169086146698871
0.0014520152324811627,0.002954837499209149
0.00034577217157141836,0.0007368951539980661
0.0003948247079196484,0.000831664248971917
0.000261604857429089,0.0005023588213862538
0.00031948783028623833,0.0007438457108017745
0.0003471197849609494,0.0006358105610553385
0.0004362843216034538,0.0008137408135486868
0.0003665778469128181,0.0007042391795220862
0.0013743574838916844,0.0020522206283741136
0.0024868961225893932,0.0030601691560595673
0.0008838691392958073,0.0018333446361781362
0.028125707392039217,0.031350085564734724
0.0003901099541289095,0.0008607269854807309
0.0011170639152640496,0.0015508691869989945
0.0007009348241274619,0.0011419945842064273
0.0019667154289217986,0.003458383784172944
0.0004623173108300018,0.0007930566315004986
0.0011707309069678006,0.0016592500213703308
0.004733028160155759,0.005685814147745619
0.022414758943660157,0.028045780045071973
0.0036535229688521784,0.004381280749430776
0.00023217021279018922,0.0007864381003154083
0.0010430711658385209,0.0015420106992471495
0.002793737985540152,0.003954733840091827
0.000320957552787031,0.0007039482917982025
0.00023988830630449035,0.00045586828088260613
0.0007929590139148511,0.0010292741277571184
0.0013483295680482895,0.001648875515595124
0.0017989835764327551,0.0021547395224421257
0.0004828021410081822,0.0007407189819216305
0.00248620545910427,0.003310139972056079
0.001562450637772049,0.0021417531898565998
0.0011472850841564126,0.0014401235157448099
0.0005873372663639936,0.0010160494307220299
0.0006486131557912883,0.001561716257889201
0.027393958119177105,0.031007694371876345
0.0003258872171815781,0.0007020208388490184
0.000691624902030323,0.0015328278456988077
3.581714003387304e-05,8.792897027438059e-05
0.0003410824847599856,0.0006634323710432417
0.001486539187239773,0.002480023073642559
0.00014732457816019482,0.000542638885450125
0.013963110705813091,0.017968018038087757
0.009161466508428723,0.011061104238312391
0.003667322812837916,0.004467027808706169
0.01126501091802126,0.013687606262814619
0.003667322812837916,0.004467027808706169
0.013794202647178086,0.017356705689439398
0.014869925738324448,0.018703347497984576
0.00290883902433712,0.003943275565877011
0.023464206596711012,0.02666303803885698
0.0003364331352096791,0.0007329007105659875
0.0012343653437026586,0.0019391822335751545
0.0008302023002838437,0.0008901164350836774
0.0011959208284209515,0.0015867052674676258
0.00024963190232513767,0.00041129210277512837
0.00019398022548948755,0.0003499081819510646
0.009585626152327505,0.013970125345944287
0.01298613948660129,0.017055831587227826
0.0005547550362743007,0.0015120456064913886
0.0007202562978703686,0.0015983252834898486
0.000946510835106218,0.0018093760408505308
0.006045668960565022,0.007812448867392287
0.00940320646006253,0.011519327406760399
0.0042269661159028875,0.005542075553987408
0.00016356880077949887,0.0006148858305549394
0.013268072780818202,0.016622252118356454
0.008227746982225666,0.01007563986134807
0.008770351597961567,0.010724046616338393
0.003667322812837916,0.004467027808706169
0.012937590274740726,0.015324697205232855
0.00376288141969717,0.004582306886991352
0.01405913723490048,0.017413580397499396
0.0008129034467163211,0.001330893885986203
0.0005193633408094113,0.0007884823421282199
0.03587943093802377,0.04031762954796055
0.0004939120949623795,0.0008868439481899876
0.00020518794401876977,0.0005409323632688555
0.0011022421295764583,0.0018774336573487906
0.00020710270394432562,0.0003951439954052877
0.011918241776448946,0.01588211899429326
0.00906366998017394,0.01169428905326123
0.003667322812837916,0.004467027808706169
0.008727262308614762,0.011026637272743951
0.0042377350618667126,0.005033812061804915
0.033796166910545086,0.03790720206627111
1.2203977501174773e-05,4.8687332785009974e-05
0.0004582151742275082,0.0009336876147477695
0.0014014170205646453,0.0022178174352087397
0.0020873988164911853,0.0026897220894201383
0.01298613948660129,0.017055831587227826
0.013326908208421166,0.017408546137668422
0.010899078426790967,0.013797084443531504
0.0004405155062730601,0.0009199654822049106
2.0844551107557886e-05,6.548650738945927e-05
0.003083951820826578,0.0038957678154186493
0.0005874209763644255,0.0009549912766112885
0.00041004506611583253,0.0008236419790916516
0.0007340223963392796,0.001026553965574445
0.027409120509909693,0.03100744387006535
0.0025720373885726837,0.0031125126305407607
0.0033656554387001152,0.003976734917771249
0.0007762095984028674,0.00156944792294095
0.0025720373885726837,0.0031125126305407607
0.001665501292849306,0.0024219865962399785
0.00033188174861798245,0.0006524023375008468
0.0019699615662275016,0.003004548858254691
0.0015977747808760966,0.0018718469199197523
0.015907607276665927,0.020837790392305728
0.007885695088690187,0.011777491367892476
0.0016202165605765336,0.0020428247704098717
0.0019627799255805757,0.002350056792211029
0.003785150266542611,0.004396804307465415
0.0028352814249219442,0.0037411405356000795
0.0018883149697437051,0.0022609924397001538
0.0035620301221192053,0.004225435077132516
0.003367634453743367,0.004563823344694522
0.003420462335153132,0.004008957764546688
0.010447689462425504,0.010911293133906534
0.001819633699797077,0.002178812288349539
0.001809384784602126,0.0021674247088871177
0.003498738992553493,0.004417017464712311
0.001692878952555075,0.0020274010170302273
0.005411586231616092,0.006878485159334668
0.0045951078260636985,0.00628235671416136
0.008539741082631102,0.010788808192692347
0.0020541764425995503,0.0025344996752781675
0.00039179333155106534,0.0005736921254399607
0.0035235287790702976,0.004112185453774181
0.0017816695506670992,0.002903990216534108
0.002082708215899317,0.002762971715197157
0.0008902236584397081,0.0014203844889557507
0.002881374535295479,0.0034371081922130154
8.505117038480998e-05,0.0002221492665421875
0.0004533405090310178,0.0017495851486001026
0.0032173128353213346,0.003956274650169531
1.0073233168256951e-05,3.942030189180587e-05
0.0030963716339395407,0.0035592729647379454
0.0038691798308328924,0.004566893088097855
0.0030413921692030174,0.003740574855446302
0.0038691798308328924,0.004566893088097855
0.0008470971035165319,0.0015686625523830208
0.002768868669482893,0.0032582333952196965
0.0030963716339395407,0.0035592729647379454
0.0038691798308328924,0.004566893088097855
0.000852776842367755,0.0015862636470140936
0.0014743209091727133,0.0022485419050834975
8.780047829088833e-06,3.34261161284049e-05
0.0026635169316532956,0.003834411441427791
0.002087379906950367,0.00303981621211754
0.00711670714442539,0.009265981189745335
0.002905958329706609,0.004388018844523854
0.002046282198154593,0.002702028556672541
0.0008037183721253884,0.0016889500496137467
0.0010184811865012646,0.002153883289458295
0.0006745217898805324,0.0018098941343527156
0.0010680022787260817,0.0021255316916480903
0.06105676683438836,0.06560483391930681
0.002177616856618654,0.00291007017736072
0.0026804824898312893,0.003379018447938037
0.0003146048770654044,0.0008212273776510192
0.0030963716339395407,0.0035592729647379454
0.0002570500278718327,0.0007079883990743631
0.003308212736296184,0.003918842325036488
0.001895288806162669,0.002603455759206196
0.0014379102067169137,0.0020570984391731
0.00127832097854109,0.0020480819864350805
0.001266887734672276,0.0019816946559054957
0.0011248545978867239,0.0025655290327485317
0.001876937924161987,0.002853635842021786
0.0004512946933485481,0.0010200040234365176
6.284655667211432e-05,0.00027309430948309696
0.001075211135182872,0.001967458786994225
0.0020453606550913743,0.0030057731291648626
0.0018603474345678134,0.0029470886157582617
0.002171616706864209,0.002864096195518141
0.0026019926099467277,0.0033279010050898078
0.0007200008750485378,0.0009969996433800647
0.005626975612157147,0.006561415715457186
0.016284449358558835,0.01865433353377622
0.008582132828973459,0.010482243018616711
0.009637101480142537,0.011608417475424161
0.002146074372943309,0.003097293865608338
0.0010037419820455506,0.0013664911094815875
0.005845583293250929,0.006826007530835473
0.005693321697664333,0.006883885324776118
0.008318932962990211,0.009457015884651383
0.01269584172247054,0.014818006591383602
0.009049848082026694,0.010570659273705011
0.00608846461729502,0.007339686673103261
0.009711229156874649,0.01134060029257466
0.012402700674167428,0.014492925214261484
0.003343114070115333,0.003950308977670263
0.06023929661755641,0.06483260940789932
0.00010398877251319027,0.00034281202820061774
0.0038691798308328924,0.004566893088097855
0.00011023180886509241,0.00038158159676570497
0.0003398817789537899,0.0009213126593491485
0.0019250286539331473,0.0026407222352953477
0.005727089490532912,0.007531276869946416
0.0013110492847650144,0.0021593539581703765
0.002793005176183719,0.0041338842464691775
0.0021238491012689205,0.0035252491883945437
0.0013725622454231617,0.003258290075548247
0.0008977815696547751,0.00169337636719892
0.0015793276601493308,0.002654556916886645
0.0009070397925615134,0.0018551150702641437
0.0003405750389524558,0.0007251946875571291
0.001121753296976439,0.0016994794435848284
0.0022073392025604385,0.003111709612603001
0.0002555911003957732,0.0007797055729313544
0.007501110521668693,0.00872624593553137
0.00474626616042025,0.005781436571223726
0.004026857196256844,0.005730296787003474
0.0008625530530729958,0.0013347286401487214
0.0008172316005003798,0.0013940280163942341
0.0006010952042445084,0.0010879116312860096
0.0005998702891413076,0.0010642521201917486
0.0022380022641880913,0.002904510322881702
0.0022380022641880913,0.002904510322881702
0.0038661925445047135,0.005060181498157497
0.0065498702226616514,0.007902974036088986
0.007060145306671091,0.008141720660307139
0.0034070542867666066,0.004022155363870507
0.003266662459542885,0.0038745965651791454
0.0012688737824692725,0.0014400125837828973
0.006100942451285741,0.007260544445615882
0.020320351134568454,0.023395194853006035
0.0025685966637393953,0.003108894015225623
0.024690088710884128,0.028088520348217936
0.0016107738799363072,0.0029427810341619586
